,admit,gpa,gre
0,0.0,3.1772772600730947,594.1029915771487
1,0.0,3.4126553589367825,631.5286067220945
2,0.0,2.7280971435972337,553.7143989347039
3,0.0,3.093559076854119,551.0899851159896
4,0.0,3.1419228288909364,537.1848938066418
5,0.0,3.5991077653224375,442.7635672275836
6,0.0,3.238971962763903,667.4721888917547
7,0.0,3.4201768220815576,561.7139053278995
8,1.0,3.414375567864074,704.9342165906875
9,0.0,3.562482406012416,590.3403713673284
10,0.0,3.910494575439653,463.4701830286301
11,0.0,3.2643412097203486,636.4531655238836
12,0.0,3.3086233708202384,604.4055577685214
13,1.0,3.652732899290419,662.8542605108885
14,0.0,3.018921914608812,567.7148296553637
15,1.0,3.0405733620942,730.1355660668976
16,0.0,3.151834405981669,503.3072983823242
17,0.0,3.2981327505758458,628.1782052279433
18,0.0,2.6522011060901836,644.3002614821658
19,0.0,3.11560326159216,533.4798096290625
20,1.0,2.9022085576500523,664.9388125001003
21,0.0,3.1052418325806608,562.9397148907857
22,0.0,3.212379517188157,545.8789704414299
23,0.0,3.0106544128130666,537.0291024176911
24,0.0,3.520869793907214,534.1274997668197
25,1.0,3.3076809654946757,715.0000755332912
26,0.0,2.907485116757919,532.5146989347077
27,1.0,3.160208106671447,664.1481532909299
28,0.0,3.0149948342937423,472.63676926684883
29,0.0,3.400367879464689,693.3145060223562
30,0.0,2.8484078772810753,390.36356286385853
31,0.0,3.443319041815918,629.3674034463451
32,0.0,3.2425838097065895,648.4938924982636
33,0.0,3.1223035552755523,714.2453378165392
34,0.0,2.6212573169932942,622.0926457864116
35,0.0,2.7827715027421798,585.6995326080458
36,0.0,2.7052023352978836,580.6915396453226
37,1.0,3.0524361620870457,661.4012287282864
38,0.0,2.9573061482498293,620.7398706093189
39,0.0,3.403424323549559,599.537622601994
40,0.0,3.3541825017449485,604.5885901101719
41,0.0,2.7926319128623636,578.1292241830122
42,0.0,3.3933018397929904,614.0527552411496
43,1.0,3.39958112279147,649.4829746820686
44,0.0,3.5317607211437636,478.9488912764244
45,0.0,3.660034827263903,572.104294526624
46,0.0,3.3122895224437,575.7970362399296
47,0.0,2.941452978447712,632.7515029914396
48,0.0,3.197952975886155,509.82064974673233
49,0.0,3.0807936793298474,567.6440238068826
50,0.0,3.3174796470428207,508.36091058387365
51,0.0,3.561177561657672,547.8439296922647
52,0.0,3.0402224734404326,641.4122307762749
53,0.0,3.093927608476353,643.8147821908441
54,0.0,3.0885396029315677,593.1053037940341
55,0.0,2.830827613605199,475.6976817161371
56,0.0,3.2053332208820193,566.9137035006737
57,1.0,3.179445030857242,730.2488020078354
58,0.0,2.6952944001236125,675.990886825232
59,1.0,3.9682761877321173,621.3547855257575
60,0.0,3.179026705561132,518.2628839792295
61,1.0,3.022044159525644,614.5545267904548
62,1.0,3.5825254090639653,574.1386027880384
63,1.0,3.880944280632283,628.9127368933815
64,0.0,3.231028793442559,581.4718387533323
65,0.0,2.7376580941132906,687.3485800017863
66,0.0,2.9294939013814516,580.2858930746276
67,1.0,3.084989919909445,617.2371089981863
68,0.0,3.48026153805163,497.1964419799499
69,0.0,3.6687307428804683,521.0679086882301
70,0.0,2.8245484490602073,548.9559657967511
71,0.0,3.4341173287126363,547.90447258484
72,0.0,3.037244328312616,538.8501189849093
73,0.0,2.953115655890425,590.7452977285443
74,0.0,3.471190653480412,603.041168688458
75,0.0,3.0499608213927725,602.0018834937181
76,1.0,2.907652426726791,657.0922295517204
77,0.0,2.697763135771453,536.3786457342512
78,1.0,3.5121157750634295,653.7442601255299
79,0.0,3.4558184819599003,546.0301573335673
80,0.0,3.7420555674637375,618.4282229696441
81,1.0,3.592225949647177,653.2780412889974
82,0.0,3.481769240862867,619.2931222492252
83,0.0,3.02754218175908,595.4575191779526
84,0.0,2.811848758904254,502.3348982101269
85,0.0,3.5424002514340174,548.1661262686353
86,0.0,2.9616418049859847,641.3979571267232
87,0.0,3.5405273126971144,484.0586149016215
88,1.0,3.757647218478568,678.2653558144574
89,0.0,3.6914167197580925,496.27393723265294
90,1.0,3.66313965819886,649.3489115132752
91,0.0,3.116568256983086,650.3212158917192
92,0.0,2.7558563466566826,693.4515483607732
93,0.0,3.7498124926191347,541.4266631555095
94,0.0,3.374212360299532,635.9033367311207
95,0.0,3.07375923075854,653.9922819073322
96,0.0,3.7372697665951415,536.2438611619967
97,1.0,3.184699063534625,790.8941018707984
98,0.0,3.235722794823678,455.9251548158102
99,0.0,2.8045107848224435,673.4062959255436
100,0.0,3.2781693910246625,633.001481938083
101,0.0,2.8295325591802576,538.0920524545681
102,0.0,3.230801550786803,628.4161104255103
103,0.0,3.4490419890916333,620.180934896652
104,0.0,2.6984608313530183,581.6860272098203
105,1.0,3.2745416447144686,625.6097947837491
106,0.0,3.3369408191149788,489.9317567057037
107,1.0,3.406306304003645,750.9437652067552
108,0.0,2.822864549326423,589.614817762746
109,0.0,3.059939524752975,477.2309920500938
110,0.0,3.2653153255157568,532.5645751190089
111,0.0,3.0367262669951436,562.1632689028618
112,1.0,3.2655424827896153,624.2916858338887
113,0.0,3.4986283384138734,632.13366264622
114,0.0,3.519353534197795,502.68539367235934
115,0.0,2.7718239082934764,549.1116630247848
116,0.0,3.3101848594919057,505.38100211400456
117,0.0,3.3055898959368104,578.6277372000742
118,0.0,3.095236966784428,499.98314477721874
119,0.0,3.1688522721599446,632.2010916672211
120,0.0,3.6298893617046004,559.2265114773478
121,0.0,3.3299910405884567,663.4368671980689
122,0.0,2.9166544448144522,661.1706795466343
123,0.0,3.2345657329250654,656.9070011938558
124,1.0,3.360308467745994,662.9806397954504
125,1.0,3.4242737933342435,677.5552749972373
126,1.0,3.1209206291710947,608.9948641037889
127,1.0,3.194857613701637,696.1354442627533
128,1.0,3.509809806846138,635.4689043164838
129,0.0,2.177099741534103,623.3035593535575
130,1.0,3.5524899777269163,667.320643347074
131,0.0,3.4056927236595587,673.9224930307383
132,0.0,3.6913925557375857,540.1304670037961
133,0.0,3.102267398832481,680.1631145606542
134,0.0,2.7944889114509848,697.7857374079745
135,0.0,3.465695098322733,578.83009810894
136,0.0,3.231726198917023,588.1529333100058
137,0.0,3.3439065246176667,627.3965739949183
138,0.0,3.2858234239878565,528.9735829280062
139,1.0,3.436389547168198,685.5746928036481
140,0.0,2.9131361098228363,630.9098785803095
141,0.0,3.01153282337683,578.2128862055372
142,1.0,3.352374004978583,668.0344950666207
143,1.0,3.5560589123580164,589.0447560250313
144,1.0,3.0761271897231572,742.8569718535477
145,0.0,3.3437405845442805,494.84742521977324
146,0.0,3.2973886019440055,634.805427389985
147,0.0,2.9887204812472596,603.9015875776502
148,0.0,3.3375099107442536,569.9828350208181
149,0.0,3.220292024748505,680.0286608773104
150,0.0,3.219668523868511,483.76185645429587
151,1.0,3.31239623305311,647.0948200885787
152,1.0,3.742518423595786,593.2815499336033
153,0.0,3.276202756795389,627.4410591735673
154,1.0,3.0868398125153376,720.6970548800106
155,0.0,3.2833990747705406,544.4264789606473
156,1.0,3.332231912241001,612.5734278948087
157,0.0,2.7867193732382796,564.3849272775213
158,0.0,2.7992249790548036,654.2163745769233
159,0.0,3.085012277399103,594.8763061891326
160,0.0,3.1191015919744336,548.8248292342785
161,0.0,3.385731870352849,582.5353663200543
162,1.0,3.0509051058261707,742.3779425700034
163,1.0,3.0004462052426644,628.0606164239127
164,0.0,3.122795457051994,649.2990335505197
165,1.0,3.371169633966516,643.3409520206571
166,1.0,3.157379395707882,726.8808810120747
167,0.0,3.4309061389766797,419.75019422227155
168,1.0,3.0587450157096345,669.3746627364903
169,1.0,3.181360451971593,777.7969146445784
170,1.0,3.6421100444170897,589.7294212780134
171,0.0,2.9749886529940808,623.3975575705074
172,0.0,3.467072844286366,604.0169116632862
173,0.0,3.4444164671771778,473.5045794557616
174,0.0,2.9681776811946117,541.7306048613339
175,0.0,2.9049968769786174,607.1130667783326
176,0.0,3.018096365065686,501.58810533500315
177,0.0,3.4743180469103407,661.9693989616615
178,0.0,2.90224868669468,667.7385376383814
179,0.0,3.0193334982755746,557.2459916039859
180,0.0,3.1364144247413033,594.9832385257153
181,0.0,3.2842187382264587,744.1576657374476
182,0.0,3.788716984113952,531.1057005251945
183,0.0,3.1238642546247224,610.015116506466
184,0.0,3.250495622156127,596.0578675704786
185,0.0,3.1705155307523905,554.4152496718526
186,1.0,3.601719117995613,650.4175923463009
187,0.0,3.497400104636486,696.8706245203384
188,0.0,3.4855988366108597,623.1160083790057
189,0.0,2.6879060629210327,540.035697398622
190,0.0,2.804895162885992,544.9431782983859
191,0.0,3.445072081156263,577.1543847525148
192,0.0,3.083063858598598,578.2464612913557
193,0.0,3.0001608918448985,533.2112795055525
194,0.0,2.873149290605565,649.5392455376489
195,0.0,3.0584315199340306,705.9014595684197
196,0.0,3.0520467925730297,635.2923744336176
197,0.0,2.835886388581534,734.2728069807678
198,0.0,3.0249133454300368,586.9479730570145
199,0.0,2.8672912432787814,600.3647095511236
200,1.0,3.4133083201323204,603.2423715941798
201,0.0,3.0410565111531125,680.4200125148348
202,0.0,3.486987718011803,473.20722040973857
203,0.0,3.1455488252871855,451.139210357965
204,0.0,3.068723921643098,714.9819337752343
205,0.0,3.493950954418398,687.4325049196859
206,1.0,3.747203324466127,620.4510653952323
207,0.0,3.3805443605183716,490.0833765858207
208,0.0,3.2182019536901745,684.0680725070714
209,0.0,3.4934618088199425,476.27322509756857
210,0.0,3.458793540957417,573.0977579089074
211,0.0,3.438709222807731,548.3394967630314
212,0.0,3.3207499528484097,716.1732753527219
213,0.0,3.6889806409732286,644.8640451461905
214,0.0,2.9235806098159998,622.5246654356525
215,0.0,2.9106195106591013,619.3927633671013
216,1.0,3.448206340706245,546.6460233685449
217,1.0,3.476921157288201,713.373864642638
218,1.0,3.155455850289258,784.7299350140622
219,0.0,3.3098764085729733,518.2573215332292
220,0.0,3.090761996771908,609.377330498385
221,1.0,3.4769665196885926,647.3620796744509
222,0.0,3.3312541297932716,539.3429935759318
223,0.0,3.2072771813969267,556.4656981235597
224,1.0,3.636403689529006,694.6235950724953
225,0.0,2.9321466304646058,564.7987636396535
226,1.0,3.5675948183463726,591.399737866069
227,0.0,3.1207781423483225,593.747163944007
228,0.0,3.266023777978187,574.156663708504
229,0.0,3.3376802612604015,540.4451766186381
230,0.0,3.0782526316084025,528.5514613007005
231,0.0,3.0738652087038356,483.0305493166193
232,0.0,3.044987473724373,564.2550104732666
233,0.0,3.0008268578369037,579.8345020016585
234,0.0,3.333380003136325,513.5551587785495
235,0.0,3.1241726909772014,566.2668550721361
236,0.0,3.3405642661468833,612.2639305758106
237,0.0,3.345809407701525,607.4191520312377
238,0.0,3.084968546447289,642.5612752112055
239,0.0,3.630973101631782,554.4151765447715
240,0.0,2.9290091267954352,612.3122934554897
241,1.0,3.5875186530033485,694.3606507662773
242,0.0,3.2296777889727926,563.6824079912416
243,0.0,3.470676550366511,551.8740288169964
244,0.0,3.0084336868953616,438.5370990333665
245,0.0,3.6040547431741974,553.2723550791078
246,0.0,3.2229181839409757,557.4198380156613
247,1.0,3.655778494974318,575.4612592707368
248,0.0,2.6153621057045764,548.9659132811095
249,1.0,3.5334543462493357,633.3281518413431
250,0.0,3.156369826733914,652.3418739481488
251,0.0,3.2290563409449486,568.5769417934832
252,0.0,3.0679590063956277,540.0569832816137
253,1.0,2.714441302761092,612.685866620895
254,0.0,3.6305565477295407,540.8135921298889
255,0.0,3.0684447898799387,597.5441221625074
256,0.0,2.969203910860509,648.3039992525645
257,0.0,3.0555982672151383,686.6674563018936
258,1.0,3.607529950659314,585.2814496905718
259,1.0,3.623911529484698,430.964848388419
260,0.0,3.6195041480281467,463.774415624792
261,0.0,3.2690488529305335,614.2377001331961
262,0.0,3.4199838163588314,497.65733351454713
263,1.0,3.288242024466621,674.0601380527114
264,1.0,2.858359020459869,720.1438260853506
265,0.0,3.2780136477752784,612.6469912083854
266,0.0,2.92377220702269,672.7855035950379
267,1.0,3.8047444234511456,681.4921957296752
268,0.0,2.6900193129611196,640.1540296691779
269,1.0,3.6255026903216407,606.3706999779106
270,1.0,3.0643868094403324,659.9154927203423
271,1.0,3.1832032611528587,595.1955083855113
272,0.0,2.973903590547262,561.0871145338587
273,1.0,3.631865164685344,561.2119420248914
274,0.0,3.7336965505719206,524.5044119342293
275,0.0,2.660525655272227,611.9353348322843
276,1.0,3.2405483788521696,780.0340538431915
277,0.0,2.9650109152878716,693.3975812594836
278,1.0,3.34816551779251,604.2527845469037
279,1.0,3.6459784362370176,749.8778190554062
280,0.0,2.85474656215125,532.2988942083359
281,0.0,2.9738861236046175,646.9228425307357
282,1.0,3.485071768584792,562.0432491628611
283,0.0,3.202665896150117,576.5516964562486
284,0.0,3.2477947864319283,518.5566969623668
285,0.0,3.2591233275704266,614.7004466091892
286,0.0,2.6253067597520716,582.8352278810381
287,0.0,3.230623942577911,546.2740481907298
288,0.0,3.048871544019309,473.77887089340226
289,0.0,3.2525439428673826,678.6157327581657
290,0.0,3.1346563726260754,675.2863932345672
291,1.0,3.4458881910763832,710.0639097544555
292,0.0,3.6998746361102786,493.9202766539955
293,0.0,3.3100738277262587,471.58179104439364
294,0.0,3.364395829380983,624.5247772655039
295,0.0,3.7042232146549923,514.0450388769378
296,0.0,2.84456637150125,703.043461811168
297,1.0,3.3888585067560832,571.7222330554766
298,1.0,3.0495723448439502,738.6806833404939
299,0.0,3.767446526257091,565.9064402578645
300,0.0,2.803929950339969,561.5914179205149
301,0.0,2.7622427471177495,572.1875285224879
302,0.0,3.419234410326616,547.6096548373705
303,1.0,3.4622207077089464,633.1228245209733
304,0.0,3.11976168454313,558.0100435888248
305,0.0,3.1220523680769614,571.9555126996207
306,0.0,2.9418248559512388,598.2144148571763
307,1.0,3.206376653733863,759.0379526932095
308,1.0,3.1915162596657667,712.020483884626
309,0.0,3.2562232838629015,542.8458962626775
310,0.0,2.8850018973228386,510.42607715241763
311,0.0,2.9438247788250482,535.5804395356471
312,1.0,2.8289734314810606,716.308308351018
313,1.0,2.948423344454233,677.9009407327892
314,0.0,3.3094652864033445,538.9282444855509
315,0.0,3.2373526575497333,643.4859722331269
316,1.0,3.6058458781160536,721.321934157599
317,0.0,3.6722630557823432,643.9893281694971
318,0.0,3.279092057579597,636.2020219938623
319,1.0,3.5275884290363675,479.21275505317624
320,0.0,3.1342722602054613,572.1081379494759
321,0.0,3.2046546672339957,638.9710467564175
322,0.0,2.6712514298305132,560.458375958111
323,0.0,3.417615307843823,656.6287365811057
324,0.0,3.4577384232699835,702.3446108890047
325,0.0,3.0479453411113013,631.9405266503867
326,0.0,3.895526233982143,647.8395938211336
327,0.0,3.150400131965301,514.1804736199643
328,0.0,2.9933130999513144,494.68808196216656
329,1.0,3.9363660739498645,560.6429324794021
330,1.0,2.975315935439352,601.3920623267159
331,0.0,3.4670481754080393,571.4146452811582
332,1.0,3.609119869080467,645.4066608723331
333,0.0,3.4931001537821427,540.8098343640388
334,1.0,2.9950072168050657,648.2487405242548
335,0.0,3.1542549183100874,416.19290064931977
336,0.0,3.0881975992769117,695.0898188362968
337,0.0,3.2482283450894744,620.3700082160685
338,0.0,3.108219611192783,617.1033298018148
339,0.0,3.1216943225193923,531.3910420999155
340,0.0,2.6740399932271233,599.8958582001621
341,1.0,3.282829779929261,622.9613634976733
342,1.0,3.3149993909413342,687.7303450390593
343,0.0,3.1940402868723443,593.0058966102281
344,0.0,3.0208693037103935,627.673435232693
345,0.0,3.0710715437662985,548.3745561929873
346,1.0,3.5945408791324978,661.6344383556134
347,1.0,3.2564714327216624,601.8598739739124
348,1.0,3.4708238986314104,647.7065759244113
349,0.0,3.4140358176752392,577.6656101494109
350,0.0,3.2666543835261876,612.6121519466743
351,0.0,3.232388027735001,533.3076377856919
352,0.0,3.103706219671569,634.1046994378711
353,0.0,3.150267926869181,444.2232788901464
354,0.0,3.4318487441353103,561.5880270330792
355,0.0,2.7823381397280174,558.0124939455145
356,1.0,3.179945547519205,617.5683671046357
357,1.0,2.9349667287596453,611.606291761513
358,0.0,3.3225199988466794,583.8614085775414
359,0.0,3.1640310627956763,598.900194758833
360,1.0,2.9352377300538777,658.9933511036351
361,0.0,2.8590578776484956,485.1427346574052
362,0.0,3.0407672519240667,749.8326849894132
363,1.0,3.0659957368350974,772.1072880088262
364,0.0,3.1416684416670484,508.9693356408189
365,0.0,3.4955865362138603,658.9653864318359
366,1.0,3.5013196382662954,587.9434351907263
367,0.0,3.473825958068742,584.4918771375744
368,0.0,3.2269538723277926,450.28866285205055
369,0.0,3.2681962201832273,691.2609760630356
370,0.0,3.2177319767400165,672.6132432020673
371,1.0,3.063861181414488,626.0189860273616
372,0.0,3.201273023116209,478.43287098770594
373,0.0,3.5403202531610845,555.0278640190545
374,1.0,3.7632805111610597,701.2206087282962
375,0.0,3.0858587676896914,503.9329030015365
376,0.0,3.534690632060393,467.4597325913944
377,0.0,3.053863050792714,729.9286544265606
378,0.0,3.0541152421573674,546.7879040384777
379,1.0,3.330791151844951,646.7152573961552
380,0.0,2.9317743740835627,602.7660997424659
381,0.0,3.1235338098687757,601.712258145448
382,0.0,3.1103483692914136,689.9908527026931
383,0.0,2.712046474160385,552.9581208544721
384,0.0,3.1794478966438575,565.9509317519417
385,0.0,2.8921325974796863,573.380010337578
386,1.0,3.578241646307002,595.01652047999
387,0.0,2.418143249939031,573.5534980354138
388,0.0,2.98797250207386,651.6735696083878
389,0.0,3.1836508417844454,675.1724876065493
390,0.0,3.294160347394755,518.0216650756063
391,0.0,2.930620651696632,671.6181127850529
392,0.0,3.1668846000839967,486.66606128492657
393,0.0,2.8188781505937506,539.3802781918027
394,0.0,3.487243422109436,539.756950728384
395,0.0,3.122478195610099,599.2643002439986
396,1.0,3.378299112911397,688.2482996822097
397,1.0,3.47171179903061,733.5494646620375
398,0.0,3.3161654937630085,628.225579612917
399,0.0,2.692225200067619,795.1141057468815
400,0.0,3.4286333636003277,543.0634467660199
401,0.0,2.976055734060198,622.8771008165049
402,0.0,3.1557853172983235,624.0029254527861
403,0.0,3.2940712572150623,645.5846053429492
404,0.0,3.076002789532512,680.9511059453021
405,0.0,3.365772472106905,599.9596893387775
406,0.0,3.38741288386679,508.51012978668285
407,0.0,2.773213583196944,527.1616116269425
408,0.0,3.1711770389810225,497.847973440955
409,0.0,3.3090697670207665,407.8180471488473
410,0.0,3.7183149378564706,602.8456937770617
411,0.0,2.909879568761167,629.5968772975292
412,0.0,3.2431883058980704,665.6193319584928
413,0.0,2.4843290350851346,599.4848298680416
414,0.0,2.7227358662359973,529.4512152338979
415,0.0,3.5114140969153644,589.3762519460925
416,0.0,2.9960576496328577,715.8516114358968
417,0.0,3.2498915768470233,490.932052654351
418,0.0,3.1592492228937323,674.5089061657111
419,0.0,2.971741457997704,640.6284138936354
420,0.0,3.0120327549516537,639.4034197450676
421,1.0,2.965276928675181,665.9588705465777
422,0.0,3.2648339897061676,616.6285091160705
423,1.0,3.7805300716167056,577.1103131176145
424,0.0,3.3389320097132007,585.2441671521688
425,0.0,3.2347336048378175,586.9923819713208
426,0.0,3.120419435524274,655.0623501786895
427,0.0,3.539818199863787,557.1010147874867
428,0.0,3.1893202517633417,595.6021310878699
429,0.0,2.8193167231829253,633.1271784726323
430,0.0,3.072290192123905,519.9061202677482
431,1.0,3.8076182984475215,617.1073265656
432,0.0,3.167267160180738,572.8437849224691
433,0.0,2.9722922789354937,644.2230636618517
434,0.0,2.989888112335054,561.7855445882502
435,0.0,3.2876330623916807,496.56885218030743
436,0.0,3.4026997396726992,667.2703843801198
437,0.0,2.9508331253949636,555.0940699455648
438,1.0,3.146822057119876,525.3436108646617
439,0.0,3.276402661635375,577.9009629396684
440,0.0,3.170932062963794,565.2243244798575
441,0.0,3.0449400525287436,574.1726942732639
442,0.0,2.995996270669472,555.2610409275838
443,0.0,3.3167040156307324,502.4789825766026
444,0.0,3.260018899238107,662.1077980965512
445,0.0,3.612613298385422,563.1616281024634
446,0.0,3.586434982124358,552.492928896503
447,1.0,2.945184616491542,594.7095991129942
448,0.0,3.2739716560560126,532.5026580042583
449,0.0,3.0321553510204966,526.4152515754101
450,0.0,3.4191789721591133,570.7889554458553
451,0.0,3.0629645139473345,707.6172171330732
452,0.0,3.1153300277364453,585.7448522970554
453,0.0,3.316141709109032,480.03735824060414
454,0.0,3.202371705508738,481.4299349620174
455,0.0,2.940776841242454,588.604902902459
456,1.0,3.3380365439304724,779.4355278877194
457,0.0,3.5305982237534423,586.149180193082
458,0.0,3.127032325927773,625.5958593343428
459,0.0,3.1383263465533733,490.909706515307
460,1.0,2.855784933430183,709.6897459007439
461,0.0,2.8191945762931976,415.4059015075022
462,0.0,2.7495441012193838,639.7581445917924
463,0.0,3.426464720910512,589.238510616849
464,1.0,3.695103551802386,652.875374521447
465,0.0,3.107382140982035,600.1518846714529
466,0.0,2.718207320470571,541.3740672394534
467,1.0,3.307256756446465,607.5248736546226
468,0.0,3.0915006680900206,638.814717617296
469,0.0,3.184187414795068,683.3806001766577
470,0.0,3.042815140245387,605.0171094742558
471,0.0,2.8479327811616884,597.1674897607037
472,0.0,3.092351283795744,656.186811769326
473,0.0,3.348772193744625,605.9681968178552
474,0.0,3.0008846285806836,598.5410341993
475,0.0,3.1351576927232783,568.4282742705723
476,0.0,3.282646878192701,601.9100107003483
477,0.0,3.1041772761519306,653.8250196206143
478,0.0,3.2922252868014716,587.6976688522053
479,0.0,3.2559309061662294,621.2672147773678
480,0.0,2.7469437492310846,529.9665550133667
481,1.0,3.621674505683706,646.1538686205406
482,0.0,2.5083675749785903,559.7298547181658
483,0.0,3.03266681817176,659.9210378347561
484,1.0,3.4167757995678993,778.1167169663549
485,0.0,3.3627947392268513,501.2180330286081
486,0.0,3.3231145199065386,666.035785417597
487,0.0,2.909667092872776,604.4846798432588
488,0.0,3.09027981107464,633.9752703344527
489,0.0,3.0100663880355563,583.5157737633582
490,0.0,3.21266923986895,658.6124494529093
491,0.0,2.894841372685796,555.0322548075663
492,0.0,3.2024380237822205,610.7964894051669
493,0.0,3.2550692976473536,593.1835985122461
494,0.0,3.462876518817073,577.7363084873801
495,0.0,3.141308864509726,650.0505593281126
496,0.0,2.9230358596733357,560.0938807349033
497,0.0,2.863589539955226,568.3160480405631
498,1.0,3.4621062535234715,691.7741855120065
499,0.0,3.321899128219975,543.1748539505835
500,0.0,3.241255479718543,446.62910108820455
501,0.0,2.9666077169529292,627.6293178907563
502,0.0,3.3690274298261387,681.2421948846065
503,0.0,3.2781418000984535,661.8881620416721
504,0.0,3.281487272131489,651.1313978772733
505,0.0,2.4898521613000844,585.5152827846857
506,0.0,3.1175911890624013,588.7163680895461
507,0.0,3.5402524696286863,524.6706244223263
508,0.0,3.5970775131136485,497.7333219356344
509,1.0,3.3159443917368736,698.1171059668587
510,1.0,3.560369434394185,787.0900703704893
511,0.0,3.2950486195481092,528.1946743247033
512,0.0,3.329859309366032,583.9598383858798
513,0.0,2.9014785275699415,499.26147977688515
514,1.0,3.0804444912502134,566.8526187897844
515,0.0,2.9261713311470916,600.8089965081945
516,0.0,3.1945896770656943,613.0615894221567
517,0.0,3.0303924570858283,478.49149146482665
518,0.0,3.397989672842278,677.0134648618659
519,0.0,3.1312385085274816,580.4077328995324
520,1.0,3.6055762199610535,570.6175187523638
521,0.0,3.5329464826676693,618.2302280291344
522,0.0,3.105500400827642,630.170913583049
523,0.0,3.4425728795353496,571.7941470581899
524,0.0,3.702877836403557,629.6026659727761
525,0.0,3.506070730574703,510.49667294005445
526,0.0,3.555723427624297,560.8857571968225
527,0.0,3.4614605622780403,487.5554928614951
528,1.0,4.0,544.1593983087979
529,0.0,3.411133368447217,565.2088043615609
530,0.0,2.80195522584997,626.1207869279639
531,1.0,2.9837361527316997,714.8280249787874
532,0.0,3.4365165384992906,538.0680291340522
533,1.0,2.7706049922175247,695.2736843039115
534,0.0,3.519557141985611,664.1473688250308
535,0.0,3.6656986775721943,525.0803048579518
536,1.0,3.3539925742252965,764.4304881136482
537,0.0,2.829618106502901,650.9328439570077
538,0.0,2.9792446055928226,616.2296569484552
539,1.0,3.116340707754686,704.7278469133798
540,0.0,3.1991703485769114,685.3916578704443
541,1.0,3.4596930491981523,781.5424119732379
542,1.0,3.3739701019160706,636.5759306757722
543,0.0,3.32191378768485,555.699829670488
544,0.0,2.9374495810059296,594.3981899347967
545,0.0,2.669760491513298,717.5981442290954
546,0.0,2.9478535042794456,587.0951563492875
547,0.0,2.8582522841941946,688.8235929575039
548,1.0,3.330053157875282,723.4723962666197
549,0.0,3.537415906865489,492.3286758317863
550,1.0,3.381851029282597,658.239880850328
551,0.0,3.1725891073118504,534.1486153282692
552,1.0,2.8791240312814836,659.555691026817
553,1.0,3.3145895377435006,738.2574552267555
554,0.0,3.0970442441779937,607.4892873774985
555,1.0,3.2698007413845613,684.7226211033674
556,0.0,2.979233195597771,516.9952941997439
557,0.0,3.0285082605123557,671.3299043579849
558,1.0,3.577178218543759,632.2563646118672
559,1.0,3.8246784695598253,732.2462332483736
560,0.0,2.6107803208750413,620.2331261156891
561,0.0,3.211558905955943,589.5704162279827
562,1.0,2.6776981322479507,671.372869297065
563,0.0,3.1344475757144385,615.6895477794689
564,0.0,3.5208120074824425,586.3787291072615
565,1.0,3.367605633979396,658.2777255507222
566,0.0,2.55282250864369,646.4787752535264
567,1.0,3.0959291393222714,734.3402520817037
568,0.0,3.058172421325549,618.6155875477488
569,0.0,2.954674978298898,468.61501690563136
570,0.0,2.6259119206929773,631.0272732799228
571,0.0,3.4570242675876295,540.7161618032595
572,0.0,3.538757941874149,469.91940560129126
573,0.0,3.3454143965232177,588.7418257809888
574,0.0,3.3830091308251116,419.7799898207742
575,0.0,3.676598529537915,457.9507680604235
576,0.0,2.825770354294602,573.4530048650038
577,0.0,2.988052165530339,615.9703216258663
578,1.0,3.0911113635322236,593.4661626515264
579,0.0,3.1155204691969876,640.3491815177293
580,1.0,3.505770332517276,590.5710902767631
581,0.0,3.092323346444997,595.6017353513004
582,0.0,3.160773490474997,705.7747519895175
583,0.0,2.899056176162718,635.3164162572616
584,0.0,3.2949914484340264,641.2835375204074
585,1.0,3.1929202303763717,695.7672179109671
586,0.0,3.2226813147485434,575.9159489922833
587,0.0,2.8482953418409047,661.4034026131181
588,0.0,2.940781961018533,499.0727967046299
589,0.0,3.003234789290794,533.4972436123514
590,0.0,2.781810481249644,643.4802510212412
591,0.0,3.3959515815364893,612.8433547819084
592,0.0,3.554622679681133,563.2426196428233
593,0.0,2.77055879794641,690.9533378512044
594,0.0,3.0832259587524233,607.1023506385291
595,0.0,3.5420330612740374,590.7334860802849
596,0.0,3.2830279395638526,637.417079044194
597,1.0,3.3867324974050024,526.9968355215593
598,0.0,2.7439407849598982,526.8218057721829
599,1.0,3.325837047222086,642.9547875408534
600,0.0,3.3786860573687814,568.3658738494593
601,0.0,3.144737964179388,580.7037798737088
602,1.0,3.5984539423490216,626.4241552065006
603,0.0,2.79812969701532,632.4664836846216
604,0.0,3.330107544633236,548.6082451527287
605,0.0,3.0704961392606194,613.8890144209867
606,0.0,3.5237425169056245,539.8540578753099
607,0.0,3.18603405022584,637.7760116293468
608,1.0,3.341485761385682,592.1489866264675
609,0.0,3.172141355856085,530.0018709702737
610,0.0,3.07184402074425,698.8194269581819
611,1.0,3.128130463467589,581.6117303197437
612,0.0,2.7478108803189114,508.88338558460856
613,0.0,2.9692476124948284,390.92648755683035
614,1.0,3.0826412642916856,701.4579241744707
615,1.0,2.9502441496464606,694.0831896556022
616,0.0,3.3331853708984354,494.0463219825633
617,0.0,3.0169824502251954,470.9363634929222
618,0.0,3.349152355666644,521.621816367482
619,0.0,3.2498811112233623,672.7865016780544
620,1.0,3.5604154992148915,631.7334282079545
621,0.0,2.9630563751760945,556.7215139492512
622,0.0,3.286312060504501,545.8947864980756
623,0.0,3.205129893192874,467.65805811378834
624,0.0,3.5282185509345845,475.5383762701712
625,1.0,3.163068365394772,592.30365873083
626,0.0,3.128686736561872,639.8351894610138
627,0.0,2.964758877592491,444.50883337547816
628,0.0,2.6192795899476744,707.2469107688233
629,0.0,2.8215577115117765,733.4025280263337
630,0.0,3.0639628159723222,578.2227339417822
631,0.0,2.8479553859659648,678.2937573665537
632,0.0,3.0822050509881747,612.7245891988489
633,0.0,3.359912676772205,582.1849656092438
634,0.0,3.265341364273106,717.6999865712348
635,0.0,3.30670125434275,603.6352698664213
636,0.0,2.9581482625505684,670.3027616276687
637,0.0,3.502628393200931,679.5513987956315
638,1.0,3.277949496990405,720.0624341834638
639,0.0,2.709812294272207,559.2400226061136
640,1.0,3.5814056480622756,559.7648777414078
641,0.0,3.083931786912025,599.3720586283634
642,0.0,3.2667703342504884,588.2911372852766
643,0.0,3.588754092259062,704.1543054990327
644,0.0,2.986577140086864,672.2346791135388
645,0.0,3.4524284080738368,609.4670164888947
646,0.0,2.491069033687476,604.3980163374291
647,1.0,4.0,574.4829117296581
648,0.0,2.7666206784406917,571.7244338167509
649,0.0,2.921820879338424,600.1729854810606
650,1.0,3.298076034766804,771.8754873888499
651,0.0,3.0221050458034324,639.5468540422485
652,1.0,3.2979221562584033,800.0
653,1.0,2.5063903720997844,700.3049309668418
654,0.0,3.0381328459333883,570.1762908652498
655,0.0,3.248165848802035,593.0358786566017
656,0.0,3.4119604251765243,611.1022355035916
657,0.0,2.827879859528127,660.4314837671291
658,0.0,3.395072522918357,584.5771846671297
659,1.0,3.06885340568908,754.1718940776118
660,1.0,3.0504292468905736,649.7597290747017
661,0.0,3.5573624306530887,471.07402357943045
662,1.0,4.0,677.8995970061736
663,0.0,3.2590113733052872,591.1804076596
664,0.0,3.145467794946979,555.8714580310539
665,0.0,2.8497863033741506,634.3057137453291
666,0.0,2.904263708063095,530.4089392527806
667,0.0,3.038454039801833,625.56783829516
668,0.0,3.411293673835784,578.3933083493841
669,0.0,2.2484409793513107,615.3680752981538
670,0.0,2.482147251346069,639.4775206393608
671,0.0,3.6909882293406007,631.7548995232244
672,0.0,3.512230699225439,570.9221211172752
673,0.0,3.1686927692390974,387.4149554930084
674,0.0,2.9533685397354086,663.1096336092291
675,0.0,3.492914711129746,634.56929930809
676,0.0,2.972633648280741,596.5115773672222
677,0.0,3.2394627761495673,628.1901298686151
678,1.0,3.5690395067655727,699.7373559630878
679,0.0,2.9678495967346166,502.99231067071514
680,0.0,3.201850809182354,493.77147597621524
681,0.0,2.673273867033,660.6326321775477
682,1.0,3.0856310793085315,571.5052937667582
683,0.0,3.493292733574834,526.9531061542501
684,1.0,2.914923443399251,795.1823758806754
685,1.0,3.7259187931596958,641.3727750404435
686,1.0,3.6912270917144614,570.62297213448
687,1.0,3.0678761162892845,699.3191994121078
688,0.0,3.047266454817448,517.7400096451081
689,1.0,3.1732451955364516,739.4602544141898
690,0.0,2.2367247900407703,703.7218325144696
691,1.0,3.1408636931013167,736.5979793092596
692,0.0,2.9821307903323593,582.4950788494858
693,1.0,3.2997992413709216,542.2859575254771
694,0.0,2.9277489013467344,579.8555782317877
695,0.0,3.175326004929461,590.4608074440007
696,1.0,2.982477537019409,500.38038969461184
697,0.0,3.4514319801378956,549.4522380686145
698,0.0,3.098335392170779,545.1872085068704
699,0.0,2.8178732555699844,645.134964367921
700,1.0,3.4155939874982075,597.6970788904964
701,0.0,3.7903984517065443,566.4376834118888
702,0.0,2.951933139204333,565.8004564425232
703,0.0,3.0972388002746793,595.200578620713
704,0.0,2.7191173941555222,510.55337611291515
705,0.0,2.916349117948706,659.5966541441039
706,0.0,3.2734295311973343,600.4758333337427
707,0.0,2.8718170076917593,532.8300163290189
708,0.0,3.2026617975069382,538.9302055984909
709,0.0,3.067906920802132,575.5023231256195
710,0.0,3.0981996959775486,730.8761347105471
711,0.0,3.131253688593022,596.8029051014684
712,0.0,3.42266833422591,653.0697630066192
713,0.0,3.048111121491934,438.83150432779826
714,0.0,3.2390228751265897,632.3600351730806
715,0.0,3.3401155438604926,549.7416298934991
716,1.0,3.080983425982171,696.9481474176625
717,1.0,3.5769248259129145,648.4117774644261
718,0.0,3.199951328833618,612.1752176499926
719,0.0,2.793839035832601,544.3990271963137
720,1.0,3.3157939653269937,573.2366260557217
721,0.0,3.0149913299015028,624.2659481091604
722,0.0,2.7165675459839234,622.2390871923063
723,0.0,3.024465866939584,557.3869634128718
724,0.0,3.1268345512807993,514.7796075877868
725,0.0,3.322668256130431,652.6553704865046
726,0.0,3.35063757643098,544.7806820456237
727,0.0,3.1461443058786114,698.6346046772422
728,1.0,3.00400791791708,610.5567939966451
729,0.0,3.4078038628266065,439.6325722950088
730,1.0,3.591271351165072,673.5527526910897
731,0.0,3.448351778996948,568.5495775771094
732,1.0,3.549322446548521,645.2619124614134
733,0.0,3.6713307457190876,671.7973895214325
734,1.0,3.205236615810223,752.1908743120048
735,0.0,3.637095369949306,610.7661367960699
736,0.0,3.598245263003124,478.090973168523
737,0.0,3.8691109757316937,499.96451891441393
738,0.0,2.50155955594695,505.2055457296278
739,0.0,3.0854891043398274,692.6585881371535
740,0.0,2.65276576842946,615.5446930634919
741,0.0,3.579775492058598,499.4808193814779
742,0.0,3.1096314320108283,599.1007638142382
743,1.0,2.9187362302646873,636.1900191425015
744,0.0,3.001729876389432,633.5407986748319
745,0.0,3.2233040120960355,674.0196332826216
746,1.0,3.2130471776086775,742.7250004112484
747,0.0,3.2327185999545316,599.6474420741304
748,0.0,3.2661759926922467,580.7209202398491
749,0.0,3.178863291479811,646.5208933830324
750,0.0,2.925604289081253,630.4598781262405
751,0.0,3.2542791996020677,684.7328552919298
752,0.0,3.0424774178096485,534.2705061889468
753,0.0,3.437494878190109,481.58048419975773
754,1.0,3.6730189156185413,649.6509312733161
755,1.0,3.4663679689496796,800.0
756,0.0,3.4690703308736843,652.6440604655933
757,1.0,3.540149725723517,615.9324010401583
758,0.0,3.0347605281683188,560.5398652440623
759,1.0,3.533926665948199,652.3318397054647
760,0.0,2.9010903822832077,680.7210342572897
761,0.0,2.9430042034456374,519.9969686559455
762,1.0,3.2789889070018496,709.5648204834382
763,0.0,2.5930358818589925,672.6749765446134
764,0.0,3.281445594391403,522.2598764337187
765,1.0,3.6367201161888496,597.8255933750422
766,0.0,3.235237841687928,634.5214032399952
767,0.0,2.6014086084579175,537.4082488994679
768,1.0,3.3792200142274536,590.7870544946585
769,0.0,2.3281170008058627,535.3302326645598
770,0.0,3.6357681901488377,570.4845967338802
771,0.0,2.973026231948668,562.3758152034534
772,0.0,2.850818340672719,592.4279568729227
773,1.0,3.9993291055448434,553.3493001426217
774,0.0,3.2930069422657398,700.4244921352117
775,0.0,3.0292363003576703,526.6977792186456
776,0.0,3.011236935404799,555.7639398526796
777,0.0,3.0026149301855694,588.8680203336622
778,1.0,3.4825223866752406,722.7731126060694
779,0.0,3.0415150260342196,533.6421436825647
780,1.0,3.188329330512616,711.2617797523898
781,0.0,2.930353077981005,649.9325630727709
782,0.0,3.4016385800629876,538.4654947474374
783,0.0,3.4134643922602605,603.664687171444
784,0.0,2.9837780848950084,622.8265337935502
785,0.0,3.1267532979005677,605.8626169000969
786,0.0,2.9719475757424765,510.729660970264
787,0.0,3.1160780659383596,595.639664548138
788,1.0,3.660708750711086,635.7241937993489
789,0.0,3.163640321743811,570.7753085040082
790,0.0,2.8080279620408204,536.0830908422716
791,0.0,2.5253454207777812,545.8061826002518
792,1.0,3.600823007614024,619.6721363388372
793,1.0,3.540075664949652,670.0362135401473
794,0.0,3.327131880886137,583.8164822194285
795,0.0,3.4653231939859976,440.46321874704597
796,0.0,2.9421004343386064,602.326525057407
797,0.0,2.619019013228309,670.4164222535189
798,0.0,3.5120142369389553,512.5962821554481
799,0.0,3.3080371471336307,663.5654625990165
800,1.0,3.211389868462863,700.9464067646021
801,0.0,2.7964743719301044,738.0573689346613
802,0.0,2.9002569208077187,583.6332386720968
803,0.0,3.408825701961555,587.3869565733019
804,0.0,2.9915825713088435,589.214604878449
805,1.0,3.817264799552303,620.4280420666639
806,1.0,3.7099507416397044,580.0063642371272
807,0.0,3.0822860670895063,643.8699850755096
808,0.0,2.9987466785252725,630.4458819196261
809,0.0,3.269759891774248,667.096207984647
810,0.0,3.205617375490282,522.5595973658703
811,1.0,3.7435235009554693,616.0732087872764
812,0.0,3.3130453711393697,505.53436497527844
813,0.0,3.323952401467294,559.1335816713352
814,0.0,3.0228830649882177,600.6737444070532
815,0.0,2.9128870183986777,479.3992325129001
816,1.0,2.8627108102626977,654.1408931536712
817,0.0,3.0842964291222486,433.37463295902984
818,1.0,3.674243030178448,637.9225307389268
819,0.0,3.6917811455791,589.6936716518187
820,0.0,3.0220508598990063,599.8173081585105
821,0.0,3.0980126577444915,481.0208537500599
822,0.0,3.0906136455009197,615.4186969392697
823,0.0,3.3048841510054556,607.7849604972263
824,0.0,3.277175315747541,654.1304376176527
825,0.0,2.9798200603785174,564.880316751622
826,0.0,2.5597313485906756,551.7449352200496
827,0.0,3.267214355758661,689.3400164125119
828,0.0,3.502304539093934,533.7897916103882
829,0.0,3.5555530778003237,569.5402501003877
830,1.0,3.8285859781617426,679.9437592572489
831,0.0,2.8992821288469877,600.1511836263705
832,1.0,3.0148457457184024,774.6152137928534
833,0.0,3.4282717418165114,608.9472468679553
834,1.0,3.636185659744099,616.5253463437872
835,1.0,3.56573592273651,634.175654548505
836,1.0,2.9320250346530567,800.0
837,1.0,3.2032205548128063,726.3093818830646
838,0.0,3.3313042576055247,583.8617436977094
839,0.0,3.196082957515119,606.446984304452
840,0.0,3.638943129498443,601.9246255696761
841,1.0,3.208535859857635,737.1680758152163
842,0.0,2.9665096299081535,639.6088279033929
843,1.0,3.6216495666734065,689.8473738635932
844,0.0,3.0446059918529245,754.8723044824688
845,0.0,2.68105257570462,601.0968084075698
846,0.0,2.7434041609436903,458.3739342426975
847,0.0,3.5069130902410515,535.0083773311084
848,1.0,3.4313301907925156,750.6887532575101
849,0.0,3.346844905383555,627.3852159855838
850,0.0,2.9807968005297605,453.52566473070124
851,0.0,2.977616651187209,581.3842462400147
852,0.0,3.368713292864621,668.0252924432882
853,0.0,2.54677914051459,531.20751993333
854,0.0,2.801865769299782,571.5626853982261
855,0.0,2.6058236728855375,567.6026895045719
856,0.0,2.9967589715039145,634.5486245628942
857,0.0,3.497997138536824,590.4113810455676
858,0.0,3.1515696617823723,656.2854970483721
859,0.0,3.4660130649467193,592.0436413575804
860,0.0,3.5884878673233773,459.25928034408685
861,1.0,3.0652150597676338,674.4587921169917
862,0.0,2.7442595754783365,603.2713801905563
863,0.0,3.2719087218527254,594.904339327093
864,0.0,2.9765035017552983,630.8028620639924
865,0.0,3.0965514943748547,581.0745820968727
866,1.0,3.077074659693926,713.3991466076881
867,0.0,3.2737139305196434,643.6730947590665
868,0.0,3.8793968458389103,612.1806942970333
869,0.0,2.6152528027162454,592.9972963786165
870,0.0,3.510773025523742,542.3546283699317
871,1.0,3.032121695829272,764.7901045699822
872,0.0,2.7610086925295856,648.2728859271297
873,0.0,3.0333126505796826,588.5991283602531
874,1.0,2.794908139969091,759.0548628718923
875,0.0,2.8557849145039054,565.880366234539
876,1.0,3.345487452520995,721.4714684606593
877,0.0,3.404658384276284,491.058700898111
878,0.0,3.413928775202673,495.0422507832893
879,1.0,3.2524820888555808,662.3408012795497
880,0.0,3.3299621752014747,571.5782009501063
881,0.0,2.9644050455208806,624.1838915399934
882,0.0,3.2844030560636477,447.7349863509189
883,1.0,3.7743551360019865,717.4635975570807
884,0.0,3.41938157928547,553.1582927901989
885,0.0,3.113114028923007,573.8547885025627
886,0.0,3.0921770034051463,601.113575644808
887,0.0,2.961073252057345,442.59240011977954
888,0.0,3.029669254808005,576.9586355354901
889,1.0,3.647133598807302,736.6831775614347
890,0.0,3.1730341394827812,670.832006435511
891,1.0,3.3106724399126906,670.3723189192015
892,1.0,3.5713138726681657,597.6881829153907
893,0.0,2.7906649104688346,551.7994259018808
894,0.0,2.853514214070438,643.7652158937539
895,1.0,3.511203625146421,618.9298753182849
896,1.0,3.455576513052981,767.4773757815612
897,0.0,3.1221982028889856,600.8459193460275
898,1.0,3.8659609469740097,758.2017324387714
899,0.0,3.1722277919357795,576.1089288170958
900,0.0,3.078146596543965,511.21656276573947
901,1.0,3.302553295846791,650.4503241672438
902,0.0,3.2015678173380646,631.4484371204934
903,0.0,3.209434044847631,489.92892361032114
904,0.0,3.089902053762799,614.2448581466411
905,0.0,3.385690693301419,524.1340968742089
906,1.0,3.0450517115239855,711.2354356168113
907,0.0,3.4113972551197564,593.0963986567386
908,0.0,3.209820786906874,649.8133939373076
909,1.0,3.922457519675651,593.8245779053727
910,0.0,3.437131662022663,695.8111020254898
911,0.0,2.674247224421734,602.2315565723216
912,1.0,3.037395608633382,665.090553580145
913,1.0,3.30763987510208,735.2718393360002
914,1.0,3.4124675785270955,724.1417826056046
915,0.0,2.783687297949583,678.1865999371564
916,0.0,3.6515087279566574,604.590300386991
917,0.0,3.0577309067154497,719.8639580767604
918,0.0,2.735672458381665,518.8975657282641
919,0.0,3.0577679911328874,584.3932996353819
920,0.0,3.1713614771867666,580.0558672990676
921,0.0,3.2292527411272633,605.1628101935366
922,1.0,3.7383249710008215,632.0761195005385
923,0.0,3.1527858790364607,706.0847295925832
924,0.0,3.299528284615657,646.517424436558
925,0.0,3.146717645227463,533.4225073474618
926,0.0,3.2615228221284154,752.9142931254722
927,0.0,3.3176402754724936,611.2659467445005
928,0.0,3.2779899246799076,593.9796072725029
929,0.0,3.069843926680937,758.1972035509503
930,0.0,2.8722971815963025,579.0398455395618
931,0.0,3.3837494242577084,487.14977669264516
932,0.0,3.1035751551465025,693.3334167920608
933,0.0,3.287625132163342,595.6300812111338
934,0.0,2.609126885534085,779.1478211869173
935,0.0,3.33022660269258,595.4767737761892
936,1.0,3.3132181097699642,665.4750275757075
937,1.0,3.492179276606328,590.0320193715174
938,1.0,3.4103952069514922,551.3117109207159
939,1.0,3.5324178795876255,677.0190505344343
940,0.0,3.3241483425051905,623.3678741881453
941,0.0,2.7930353148191247,658.9990153118468
942,0.0,3.3162078113665356,562.9887504493764
943,0.0,3.4718383886518325,636.732135410984
944,0.0,3.2250198335895717,635.9127518244153
945,0.0,3.6419778581900286,539.4846595229513
946,0.0,3.0186833924234167,533.9097820446984
947,1.0,3.486940614176957,667.265345655626
948,0.0,2.858424107137985,643.4611271332205
949,0.0,2.8218081276911215,574.2224954969125
950,1.0,2.929347848543525,749.633739986818
951,0.0,3.374185733851935,681.6201490916076
952,0.0,3.1643537082807205,645.6971887302079
953,1.0,3.7640318189691664,611.9457663654858
954,0.0,2.9381621250592356,635.144454323927
955,1.0,2.9444568279888794,624.2751404493055
956,0.0,3.620360099198915,593.7508047502016
957,0.0,3.29214919120896,533.75014485674
958,0.0,3.00935530336728,568.6635680811524
959,0.0,2.870920279603563,621.3309130592684
960,0.0,3.4453583761111384,642.1425008012878
961,1.0,3.583555845674331,657.6892111810195
962,0.0,3.166402790335963,649.1706231058299
963,0.0,2.6659956505371802,661.3137603912373
964,1.0,3.5675029435808634,570.9974094677334
965,0.0,2.975491354897844,720.0937590090939
966,0.0,3.318873226798302,552.2783187045659
967,0.0,2.701176482553077,541.4733288707524
968,0.0,2.6818024413639248,484.05958737545154
969,1.0,2.948844855328618,683.3533042045509
970,1.0,3.0884003238694078,644.0333202757157
971,0.0,3.2066207443683044,632.0594170399171
972,0.0,2.791557741177695,627.5818202286521
973,0.0,2.897477494490651,627.6496630368576
974,0.0,2.947325174168398,557.179220939715
975,0.0,3.142599763587064,643.5346062278163
976,0.0,3.6951232246857955,635.2975661200036
977,0.0,2.9569994964955324,629.9223365815302
978,1.0,3.7853563082114317,633.6411879838121
979,0.0,3.5134043195875733,594.8604630781417
980,0.0,3.182376222420275,630.1662322519824
981,1.0,2.9475452935565056,712.8226530773459
982,1.0,3.8685724220763595,658.9120443896452
983,0.0,2.8591526140723076,533.1866347007871
984,0.0,3.477715474988185,517.9888102621717
985,0.0,3.36901142279698,706.1658427681014
986,0.0,3.143117625234443,629.129814912201
987,0.0,2.9926357109761454,517.9832557829956
988,0.0,3.4031905915809237,548.5015693325727
989,1.0,3.4401054458859868,702.4580994380807
990,1.0,3.2573044408795346,689.7733758341961
991,1.0,3.38135879353843,720.71843772437
992,1.0,3.083956126572044,556.9180208609895
993,0.0,3.3119566937997633,571.7773224755979
994,0.0,2.7589549106604543,624.6315598219579
995,1.0,3.1144186775558467,734.2976791389382
996,0.0,2.8574697426839064,667.4973971239003
997,1.0,3.549011869860685,604.6975034526945
998,1.0,3.532752648059922,588.9861748937776
999,0.0,2.8723944159217205,443.2241914425333
